,intact_intent-acc.,intact_slot-f1,slot-f1,intent-acc.,perturbation,transformer_model
0,0.83423,0.767434,0.7644289450741063,0.8342299932750504,perturb_2_verb_clusters,distilbert-base-multilingual-cased
1,0.83423,0.767434,0.7654751525719268,0.8338937457969066,perturb_als_in_comparative_constructions,distilbert-base-multilingual-cased
2,0.83423,0.767434,0.7523992322456813,0.8315400134498991,perturb_am_infinitive,distilbert-base-multilingual-cased
3,0.83423,0.767434,0.673794916739702,0.8342299932750504,perturb_article_before_personal_name,distilbert-base-multilingual-cased
4,0.83423,0.767434,0.7300645611586111,0.8338937457969066,perturb_contracted_verb_and_pronoun,distilbert-base-multilingual-cased
5,0.83423,0.767434,0.7653417015341702,0.8342299932750504,perturb_da,distilbert-base-multilingual-cased
6,0.83423,0.767434,0.5987794245858762,0.8349024882313383,perturb_denn_in_questions,distilbert-base-multilingual-cased
7,0.83423,0.767434,0.7653417015341702,0.8342299932750504,perturb_double_article,distilbert-base-multilingual-cased
8,0.83423,0.767434,0.7653417015341702,0.8342299932750504,perturb_existential_clause,distilbert-base-multilingual-cased
9,0.83423,0.767434,0.7506103941402162,0.8328850033624747,perturb_genitive_to_dativ,distilbert-base-multilingual-cased
10,0.83423,0.767434,0.7649110568538542,0.8312037659717552,perturb_in,distilbert-base-multilingual-cased
11,0.83423,0.767434,0.7650444793301936,0.8342299932750504,perturb_nach,distilbert-base-multilingual-cased
12,0.83423,0.767434,0.7649930264993027,0.8345662407531943,perturb_negative_concord,distilbert-base-multilingual-cased
13,0.83423,0.767434,0.763116611469409,0.8342299932750504,perturb_possesive_genitive,distilbert-base-multilingual-cased
14,0.83423,0.767434,0.7653417015341702,0.8342299932750504,perturb_relative_pronoun,distilbert-base-multilingual-cased
15,0.83423,0.767434,0.763585532063603,0.8305312710154674,perturb_schwa_elision_in_verbs,distilbert-base-multilingual-cased
16,0.83423,0.767434,0.7027326440177253,0.792871553463349,perturb_swap_name,distilbert-base-multilingual-cased
17,0.83423,0.767434,0.6731141199226305,0.8221250840618696,perturb_tun_imperativ,distilbert-base-multilingual-cased
18,0.79926,0.770783,0.7654836464857341,0.7992602555480834,perturb_2_verb_clusters,microsoft/Multilingual-MiniLM-L12-H384
19,0.79926,0.770783,0.7674378152722212,0.7992602555480834,perturb_als_in_comparative_constructions,microsoft/Multilingual-MiniLM-L12-H384
20,0.79926,0.770783,0.7532648441581056,0.7948890383322125,perturb_am_infinitive,microsoft/Multilingual-MiniLM-L12-H384
21,0.79926,0.770783,0.6701534170153417,0.7982515131136516,perturb_article_before_personal_name,microsoft/Multilingual-MiniLM-L12-H384
22,0.79926,0.770783,0.7309432648799165,0.7992602555480834,perturb_contracted_verb_and_pronoun,microsoft/Multilingual-MiniLM-L12-H384
23,0.79926,0.770783,0.7674378152722212,0.7992602555480834,perturb_da,microsoft/Multilingual-MiniLM-L12-H384
24,0.79926,0.770783,0.59919874586309,0.7995965030262273,perturb_denn_in_questions,microsoft/Multilingual-MiniLM-L12-H384
25,0.79926,0.770783,0.7674378152722212,0.7992602555480834,perturb_double_article,microsoft/Multilingual-MiniLM-L12-H384
26,0.79926,0.770783,0.7674378152722212,0.7992602555480834,perturb_existential_clause,microsoft/Multilingual-MiniLM-L12-H384
27,0.79926,0.770783,0.7523031461845993,0.7982515131136516,perturb_genitive_to_dativ,microsoft/Multilingual-MiniLM-L12-H384
28,0.79926,0.770783,0.7673568818514007,0.7985877605917956,perturb_in,microsoft/Multilingual-MiniLM-L12-H384
29,0.79926,0.770783,0.7670899286832492,0.7992602555480834,perturb_nach,microsoft/Multilingual-MiniLM-L12-H384
30,0.79926,0.770783,0.7670899286832492,0.7992602555480834,perturb_negative_concord,microsoft/Multilingual-MiniLM-L12-H384
31,0.79926,0.770783,0.7648695652173914,0.7992602555480834,perturb_possesive_genitive,microsoft/Multilingual-MiniLM-L12-H384
32,0.79926,0.770783,0.7674378152722212,0.7992602555480834,perturb_relative_pronoun,microsoft/Multilingual-MiniLM-L12-H384
33,0.79926,0.770783,0.7649930264993027,0.7975790181573639,perturb_schwa_elision_in_verbs,microsoft/Multilingual-MiniLM-L12-H384
34,0.79926,0.770783,0.7033007560390927,0.7558843308675185,perturb_swap_name,microsoft/Multilingual-MiniLM-L12-H384
35,0.79926,0.770783,0.6725941422594142,0.7925353059852052,perturb_tun_imperativ,microsoft/Multilingual-MiniLM-L12-H384
36,0.798588,0.76169,0.7583578728564005,0.7985877605917956,perturb_2_verb_clusters,microsoft/Multilingual-MiniLM-L12-H384
37,0.798588,0.76169,0.7594805194805193,0.7982515131136516,perturb_als_in_comparative_constructions,microsoft/Multilingual-MiniLM-L12-H384
38,0.798588,0.76169,0.7454576916421526,0.7938802958977808,perturb_am_infinitive,microsoft/Multilingual-MiniLM-L12-H384
39,0.798588,0.76169,0.6670144322726482,0.7958977807666443,perturb_article_before_personal_name,microsoft/Multilingual-MiniLM-L12-H384
40,0.798588,0.76169,0.7231168831168832,0.7985877605917956,perturb_contracted_verb_and_pronoun,microsoft/Multilingual-MiniLM-L12-H384
41,0.798588,0.76169,0.7592656737097334,0.7982515131136516,perturb_da,microsoft/Multilingual-MiniLM-L12-H384
42,0.798588,0.76169,0.592194275802255,0.7982515131136516,perturb_denn_in_questions,microsoft/Multilingual-MiniLM-L12-H384
43,0.798588,0.76169,0.7594805194805193,0.7985877605917956,perturb_double_article,microsoft/Multilingual-MiniLM-L12-H384
44,0.798588,0.76169,0.7594805194805193,0.7985877605917956,perturb_existential_clause,microsoft/Multilingual-MiniLM-L12-H384
45,0.798588,0.76169,0.744507870610621,0.7975790181573639,perturb_genitive_to_dativ,microsoft/Multilingual-MiniLM-L12-H384
46,0.798588,0.76169,0.7580114325307467,0.7972427706792199,perturb_in,microsoft/Multilingual-MiniLM-L12-H384
47,0.798588,0.76169,0.7597436341590161,0.7989240080699395,perturb_nach,microsoft/Multilingual-MiniLM-L12-H384
48,0.798588,0.76169,0.7591341991341992,0.7985877605917956,perturb_negative_concord,microsoft/Multilingual-MiniLM-L12-H384
49,0.798588,0.76169,0.756794183832439,0.7985877605917956,perturb_possesive_genitive,microsoft/Multilingual-MiniLM-L12-H384
50,0.798588,0.76169,0.7594805194805193,0.7985877605917956,perturb_relative_pronoun,microsoft/Multilingual-MiniLM-L12-H384
51,0.798588,0.76169,0.7567285987150547,0.7979152656355077,perturb_schwa_elision_in_verbs,microsoft/Multilingual-MiniLM-L12-H384
52,0.798588,0.76169,0.6983660730677436,0.7626092804303968,perturb_swap_name,microsoft/Multilingual-MiniLM-L12-H384
53,0.798588,0.76169,0.6671294689343977,0.7921990585070612,perturb_tun_imperativ,microsoft/Multilingual-MiniLM-L12-H384
54,0.874916,0.80223,0.798118794635081,0.875252185608608,perturb_2_verb_clusters,google/rembert
55,0.874916,0.80223,0.7990939188011849,0.874915938130464,perturb_als_in_comparative_constructions,google/rembert
56,0.874916,0.80223,0.7858765950008739,0.8708809683927371,perturb_am_infinitive,google/rembert
57,0.874916,0.80223,0.7033158813263527,0.8735709482178884,perturb_article_before_personal_name,google/rembert
58,0.874916,0.80223,0.7619877942458588,0.8725622057834567,perturb_contracted_verb_and_pronoun,google/rembert
59,0.874916,0.80223,0.7989547038327526,0.874915938130464,perturb_da,google/rembert
60,0.874916,0.80223,0.6247167509151125,0.874915938130464,perturb_denn_in_questions,google/rembert
61,0.874916,0.80223,0.7989547038327526,0.874915938130464,perturb_double_article,google/rembert
62,0.874916,0.80223,0.7989547038327526,0.874915938130464,perturb_existential_clause,google/rembert
63,0.874916,0.80223,0.7841839400801255,0.8735709482178884,perturb_genitive_to_dativ,google/rembert
64,0.874916,0.80223,0.7983266515600488,0.8735709482178884,perturb_in,google/rembert
65,0.874916,0.80223,0.7989547038327526,0.874915938130464,perturb_nach,google/rembert
66,0.874916,0.80223,0.7986062717770034,0.874915938130464,perturb_negative_concord,google/rembert
67,0.874916,0.80223,0.7963769378157116,0.874915938130464,perturb_possesive_genitive,google/rembert
68,0.874916,0.80223,0.7989547038327526,0.874915938130464,perturb_relative_pronoun,google/rembert
69,0.874916,0.80223,0.7960251046025105,0.875252185608608,perturb_schwa_elision_in_verbs,google/rembert
70,0.874916,0.80223,0.7346637102734664,0.831876260928043,perturb_swap_name,google/rembert
71,0.874916,0.80223,0.7012715554781397,0.8688634835238735,perturb_tun_imperativ,google/rembert
72,0.874916,0.798259,0.7918481100853509,0.8759246805648958,perturb_2_verb_clusters,google/rembert
73,0.874916,0.798259,0.7936618492077312,0.874915938130464,perturb_als_in_comparative_constructions,google/rembert
74,0.874916,0.798259,0.7799093128705965,0.871217215870881,perturb_am_infinitive,google/rembert
75,0.874916,0.798259,0.7003836763167073,0.8728984532616005,perturb_article_before_personal_name,google/rembert
76,0.874916,0.798259,0.7578873975945616,0.8745796906523201,perturb_contracted_verb_and_pronoun,google/rembert
77,0.874916,0.798259,0.7936618492077312,0.874915938130464,perturb_da,google/rembert
78,0.874916,0.798259,0.6175805047867712,0.874915938130464,perturb_denn_in_questions,google/rembert
79,0.874916,0.798259,0.7936618492077312,0.874915938130464,perturb_double_article,google/rembert
80,0.874916,0.798259,0.7936618492077312,0.874915938130464,perturb_existential_clause,google/rembert
81,0.874916,0.798259,0.7784160139251523,0.8745796906523201,perturb_genitive_to_dativ,google/rembert
82,0.874916,0.798259,0.7931754874651811,0.874915938130464,perturb_in,google/rembert
83,0.874916,0.798259,0.7935236768802229,0.875252185608608,perturb_nach,google/rembert
84,0.874916,0.798259,0.7933135991642,0.874915938130464,perturb_negative_concord,google/rembert
85,0.874916,0.798259,0.7910863509749304,0.874915938130464,perturb_possesive_genitive,google/rembert
86,0.874916,0.798259,0.7936618492077312,0.874915938130464,perturb_relative_pronoun,google/rembert
87,0.874916,0.798259,0.7932415955408465,0.8742434431741762,perturb_schwa_elision_in_verbs,google/rembert
88,0.874916,0.798259,0.7291858962525384,0.8312037659717552,perturb_swap_name,google/rembert
89,0.874916,0.798259,0.6981362132032747,0.8695359784801614,perturb_tun_imperativ,google/rembert
90,0.872898,0.800209,0.7962995287135627,0.8725622057834567,perturb_2_verb_clusters,google/rembert
91,0.872898,0.800209,0.7969295184926727,0.8728984532616005,perturb_als_in_comparative_constructions,google/rembert
92,0.872898,0.800209,0.7837318903822657,0.8665097511768661,perturb_am_infinitive,google/rembert
93,0.872898,0.800209,0.7011534428521495,0.8718897108271688,perturb_article_before_personal_name,google/rembert
94,0.872898,0.800209,0.7591139019710448,0.8739071956960323,perturb_contracted_verb_and_pronoun,google/rembert
95,0.872898,0.800209,0.7969295184926727,0.8728984532616005,perturb_da,google/rembert
96,0.872898,0.800209,0.6229508196721312,0.871217215870881,perturb_denn_in_questions,google/rembert
97,0.872898,0.800209,0.7969295184926727,0.8728984532616005,perturb_double_article,google/rembert
98,0.872898,0.800209,0.7969295184926727,0.8728984532616005,perturb_existential_clause,google/rembert
99,0.872898,0.800209,0.7812281926029309,0.871217215870881,perturb_genitive_to_dativ,google/rembert
100,0.872898,0.800209,0.7964416535845107,0.8732347007397444,perturb_in,google/rembert
101,0.872898,0.800209,0.7964416535845107,0.8728984532616005,perturb_nach,google/rembert
102,0.872898,0.800209,0.7965806001395672,0.8728984532616005,perturb_negative_concord,google/rembert
103,0.872898,0.800209,0.7939996511425084,0.8728984532616005,perturb_possesive_genitive,google/rembert
104,0.872898,0.800209,0.7969295184926727,0.8728984532616005,perturb_relative_pronoun,google/rembert
105,0.872898,0.800209,0.7971368715083799,0.8728984532616005,perturb_schwa_elision_in_verbs,google/rembert
106,0.872898,0.800209,0.7331237285000924,0.831876260928043,perturb_swap_name,google/rembert
107,0.872898,0.800209,0.6985729202923773,0.8668459986550101,perturb_tun_imperativ,google/rembert
108,0.806994,0.76375,0.7607192254495158,0.8073301950235373,perturb_2_verb_clusters,microsoft/Multilingual-MiniLM-L12-H384
109,0.806994,0.76375,0.760850769496801,0.8066577000672495,perturb_als_in_comparative_constructions,microsoft/Multilingual-MiniLM-L12-H384
110,0.806994,0.76375,0.7470588235294118,0.8016139878950908,perturb_am_infinitive,microsoft/Multilingual-MiniLM-L12-H384
111,0.806994,0.76375,0.6663198057578911,0.804640215198386,perturb_article_before_personal_name,microsoft/Multilingual-MiniLM-L12-H384
112,0.806994,0.76375,0.7244421380384016,0.8066577000672495,perturb_contracted_verb_and_pronoun,microsoft/Multilingual-MiniLM-L12-H384
113,0.806994,0.76375,0.760850769496801,0.8069939475453934,perturb_da,microsoft/Multilingual-MiniLM-L12-H384
114,0.806994,0.76375,0.5948006932409012,0.8076664425016813,perturb_denn_in_questions,microsoft/Multilingual-MiniLM-L12-H384
115,0.806994,0.76375,0.760850769496801,0.8069939475453934,perturb_double_article,microsoft/Multilingual-MiniLM-L12-H384
116,0.806994,0.76375,0.760850769496801,0.8069939475453934,perturb_existential_clause,microsoft/Multilingual-MiniLM-L12-H384
117,0.806994,0.76375,0.7448609431680775,0.8053127101546739,perturb_genitive_to_dativ,microsoft/Multilingual-MiniLM-L12-H384
118,0.806994,0.76375,0.7598615916955017,0.8063214525891056,perturb_in,microsoft/Multilingual-MiniLM-L12-H384
119,0.806994,0.76375,0.760850769496801,0.8069939475453934,perturb_nach,microsoft/Multilingual-MiniLM-L12-H384
120,0.806994,0.76375,0.7605049282379389,0.8069939475453934,perturb_negative_concord,microsoft/Multilingual-MiniLM-L12-H384
121,0.806994,0.76375,0.758298755186722,0.8069939475453934,perturb_possesive_genitive,microsoft/Multilingual-MiniLM-L12-H384
122,0.806994,0.76375,0.760850769496801,0.8069939475453934,perturb_relative_pronoun,microsoft/Multilingual-MiniLM-L12-H384
123,0.806994,0.76375,0.7607829551359778,0.804640215198386,perturb_schwa_elision_in_verbs,microsoft/Multilingual-MiniLM-L12-H384
124,0.806994,0.76375,0.6985347985347985,0.7669804976462676,perturb_swap_name,microsoft/Multilingual-MiniLM-L12-H384
125,0.806994,0.76375,0.6680548325524901,0.800605245460659,perturb_tun_imperativ,microsoft/Multilingual-MiniLM-L12-H384
126,0.849361,0.774974,0.7701348081576218,0.8493611297915266,perturb_2_verb_clusters,bert-base-multilingual-cased
127,0.849361,0.774974,0.7718631178707224,0.8493611297915266,perturb_als_in_comparative_constructions,bert-base-multilingual-cased
128,0.849361,0.774974,0.7592880594435805,0.8459986550100874,perturb_am_infinitive,bert-base-multilingual-cased
129,0.849361,0.774974,0.6833768494342907,0.8486886348352387,perturb_article_before_personal_name,bert-base-multilingual-cased
130,0.849361,0.774974,0.7349480968858133,0.8493611297915266,perturb_contracted_verb_and_pronoun,bert-base-multilingual-cased
131,0.849361,0.774974,0.7718631178707224,0.8490248823133827,perturb_da,bert-base-multilingual-cased
132,0.849361,0.774974,0.6047396644179208,0.8470073974445191,perturb_denn_in_questions,bert-base-multilingual-cased
133,0.849361,0.774974,0.7718631178707224,0.8493611297915266,perturb_double_article,bert-base-multilingual-cased
134,0.849361,0.774974,0.7718631178707224,0.8493611297915266,perturb_existential_clause,bert-base-multilingual-cased
135,0.849361,0.774974,0.7567287784679089,0.8486886348352387,perturb_genitive_to_dativ,bert-base-multilingual-cased
136,0.849361,0.774974,0.7706675890695261,0.8486886348352387,perturb_in,bert-base-multilingual-cased
137,0.849361,0.774974,0.7721300138312587,0.8493611297915266,perturb_nach,bert-base-multilingual-cased
138,0.849361,0.774974,0.7715174559281023,0.8500336247478144,perturb_negative_concord,bert-base-multilingual-cased
139,0.849361,0.774974,0.768964921375497,0.8493611297915266,perturb_possesive_genitive,bert-base-multilingual-cased
140,0.849361,0.774974,0.7718631178707224,0.8493611297915266,perturb_relative_pronoun,bert-base-multilingual-cased
141,0.849361,0.774974,0.7672040214941932,0.8459986550100874,perturb_schwa_elision_in_verbs,bert-base-multilingual-cased
142,0.849361,0.774974,0.7088514996342355,0.8066577000672495,perturb_swap_name,bert-base-multilingual-cased
143,0.849361,0.774974,0.6751084128360797,0.8426361802286483,perturb_tun_imperativ,bert-base-multilingual-cased
144,0.800605,0.764146,0.7606364579730197,0.8012777404169469,perturb_2_verb_clusters,microsoft/Multilingual-MiniLM-L12-H384
145,0.800605,0.764146,0.762020062262193,0.800605245460659,perturb_als_in_comparative_constructions,microsoft/Multilingual-MiniLM-L12-H384
146,0.800605,0.764146,0.7463254366245894,0.7979152656355077,perturb_am_infinitive,microsoft/Multilingual-MiniLM-L12-H384
147,0.800605,0.764146,0.665973665973666,0.7999327505043712,perturb_article_before_personal_name,microsoft/Multilingual-MiniLM-L12-H384
148,0.800605,0.764146,0.724472135687089,0.7999327505043712,perturb_contracted_verb_and_pronoun,microsoft/Multilingual-MiniLM-L12-H384
149,0.800605,0.764146,0.7621518768379173,0.800605245460659,perturb_da,microsoft/Multilingual-MiniLM-L12-H384
150,0.800605,0.764146,0.5928744379107576,0.8002689979825152,perturb_denn_in_questions,microsoft/Multilingual-MiniLM-L12-H384
151,0.800605,0.764146,0.7621518768379173,0.800605245460659,perturb_double_article,microsoft/Multilingual-MiniLM-L12-H384
152,0.800605,0.764146,0.7621518768379173,0.800605245460659,perturb_existential_clause,microsoft/Multilingual-MiniLM-L12-H384
153,0.800605,0.764146,0.747408431237042,0.8002689979825152,perturb_genitive_to_dativ,microsoft/Multilingual-MiniLM-L12-H384
154,0.800605,0.764146,0.7614265927977839,0.8002689979825152,perturb_in,microsoft/Multilingual-MiniLM-L12-H384
155,0.800605,0.764146,0.7616741611898996,0.8012777404169469,perturb_nach,microsoft/Multilingual-MiniLM-L12-H384
156,0.800605,0.764146,0.7618059159314997,0.800605245460659,perturb_negative_concord,microsoft/Multilingual-MiniLM-L12-H384
157,0.800605,0.764146,0.7591215632024901,0.800605245460659,perturb_possesive_genitive,microsoft/Multilingual-MiniLM-L12-H384
158,0.800605,0.764146,0.7621518768379173,0.800605245460659,perturb_relative_pronoun,microsoft/Multilingual-MiniLM-L12-H384
159,0.800605,0.764146,0.7606170913503206,0.796570275722932,perturb_schwa_elision_in_verbs,microsoft/Multilingual-MiniLM-L12-H384
160,0.800605,0.764146,0.6979472140762464,0.7568930733019502,perturb_swap_name,microsoft/Multilingual-MiniLM-L12-H384
161,0.800605,0.764146,0.6685149887367874,0.792871553463349,perturb_tun_imperativ,microsoft/Multilingual-MiniLM-L12-H384
162,0.868527,0.795561,0.7906412478336221,0.8691997310020175,perturb_2_verb_clusters,microsoft/mdeberta-v3-base
163,0.868527,0.795561,0.7919556171983356,0.8681909885675857,perturb_als_in_comparative_constructions,microsoft/mdeberta-v3-base
164,0.868527,0.795561,0.7766418298388493,0.8661735036987223,perturb_am_infinitive,microsoft/mdeberta-v3-base
165,0.868527,0.795561,0.6962705984388552,0.8685272360457297,perturb_article_before_personal_name,microsoft/mdeberta-v3-base
166,0.868527,0.795561,0.7565413273262867,0.8685272360457297,perturb_contracted_verb_and_pronoun,microsoft/mdeberta-v3-base
167,0.868527,0.795561,0.7919556171983356,0.8685272360457297,perturb_da,microsoft/mdeberta-v3-base
168,0.868527,0.795561,0.6176521588347494,0.8668459986550101,perturb_denn_in_questions,microsoft/mdeberta-v3-base
169,0.868527,0.795561,0.7919556171983356,0.8685272360457297,perturb_double_article,microsoft/mdeberta-v3-base
170,0.868527,0.795561,0.7919556171983356,0.8685272360457297,perturb_existential_clause,microsoft/mdeberta-v3-base
171,0.868527,0.795561,0.7761401075082366,0.8678547410894418,perturb_genitive_to_dativ,microsoft/mdeberta-v3-base
172,0.868527,0.795561,0.7907137907137906,0.8681909885675857,perturb_in,microsoft/mdeberta-v3-base
173,0.868527,0.795561,0.7924397433674355,0.8685272360457297,perturb_nach,microsoft/mdeberta-v3-base
174,0.868527,0.795561,0.7916088765603327,0.8688634835238735,perturb_negative_concord,microsoft/mdeberta-v3-base
175,0.868527,0.795561,0.7890448951291384,0.8681909885675857,perturb_possesive_genitive,microsoft/mdeberta-v3-base
176,0.868527,0.795561,0.7919556171983356,0.8685272360457297,perturb_relative_pronoun,microsoft/mdeberta-v3-base
177,0.868527,0.795561,0.7947158004519381,0.8648285137861466,perturb_schwa_elision_in_verbs,microsoft/mdeberta-v3-base
178,0.868527,0.795561,0.7280750137892996,0.8312037659717552,perturb_swap_name,microsoft/mdeberta-v3-base
179,0.868527,0.795561,0.7030978071702054,0.8577673167451244,perturb_tun_imperativ,microsoft/mdeberta-v3-base
180,0.873907,0.800347,0.7952099965289829,0.8735709482178884,perturb_2_verb_clusters,microsoft/mdeberta-v3-base
181,0.873907,0.800347,0.7966660878624761,0.8735709482178884,perturb_als_in_comparative_constructions,microsoft/mdeberta-v3-base
182,0.873907,0.800347,0.7824878387769284,0.8695359784801614,perturb_am_infinitive,microsoft/mdeberta-v3-base
183,0.873907,0.800347,0.6983851363083868,0.8732347007397444,perturb_article_before_personal_name,microsoft/mdeberta-v3-base
184,0.873907,0.800347,0.7609451007644197,0.8732347007397444,perturb_contracted_verb_and_pronoun,microsoft/mdeberta-v3-base
185,0.873907,0.800347,0.7965277777777777,0.8739071956960323,perturb_da,microsoft/mdeberta-v3-base
186,0.873907,0.800347,0.6208094493659893,0.8722259583053127,perturb_denn_in_questions,microsoft/mdeberta-v3-base
187,0.873907,0.800347,0.7965277777777777,0.8739071956960323,perturb_double_article,microsoft/mdeberta-v3-base
188,0.873907,0.800347,0.7965277777777777,0.8739071956960323,perturb_existential_clause,microsoft/mdeberta-v3-base
189,0.873907,0.800347,0.7804030576789437,0.8728984532616005,perturb_genitive_to_dativ,microsoft/mdeberta-v3-base
190,0.873907,0.800347,0.7965277777777777,0.8732347007397444,perturb_in,microsoft/mdeberta-v3-base
191,0.873907,0.800347,0.7981253254643291,0.8739071956960323,perturb_nach,microsoft/mdeberta-v3-base
192,0.873907,0.800347,0.7961805555555556,0.8739071956960323,perturb_negative_concord,microsoft/mdeberta-v3-base
193,0.873907,0.800347,0.7936122201006769,0.8739071956960323,perturb_possesive_genitive,microsoft/mdeberta-v3-base
194,0.873907,0.800347,0.7965277777777777,0.8739071956960323,perturb_relative_pronoun,microsoft/mdeberta-v3-base
195,0.873907,0.800347,0.7972222222222223,0.8718897108271688,perturb_schwa_elision_in_verbs,microsoft/mdeberta-v3-base
196,0.873907,0.800347,0.7307550644567219,0.832212508406187,perturb_swap_name,microsoft/mdeberta-v3-base
197,0.873907,0.800347,0.7052503898804366,0.867182246133154,perturb_tun_imperativ,microsoft/mdeberta-v3-base
198,0.847007,0.779094,0.7746208819940735,0.847679892400807,perturb_2_verb_clusters,bert-base-multilingual-cased
199,0.847007,0.779094,0.7757449032932567,0.8470073974445191,perturb_als_in_comparative_constructions,bert-base-multilingual-cased
200,0.847007,0.779094,0.7631991636173548,0.84364492266308,perturb_am_infinitive,bert-base-multilingual-cased
201,0.847007,0.779094,0.6850035038542397,0.8443174176193678,perturb_article_before_personal_name,bert-base-multilingual-cased
202,0.847007,0.779094,0.7398884239888424,0.8459986550100874,perturb_contracted_verb_and_pronoun,bert-base-multilingual-cased
203,0.847007,0.779094,0.7759581881533101,0.8470073974445191,perturb_da,bert-base-multilingual-cased
204,0.847007,0.779094,0.6088772845953003,0.8459986550100874,perturb_denn_in_questions,bert-base-multilingual-cased
205,0.847007,0.779094,0.7759581881533101,0.8470073974445191,perturb_double_article,bert-base-multilingual-cased
206,0.847007,0.779094,0.7759581881533101,0.8470073974445191,perturb_existential_clause,bert-base-multilingual-cased
207,0.847007,0.779094,0.7594011142061282,0.8456624075319435,perturb_genitive_to_dativ,bert-base-multilingual-cased
208,0.847007,0.779094,0.7753749564004186,0.8453261600537996,perturb_in,bert-base-multilingual-cased
209,0.847007,0.779094,0.7757449032932567,0.8459986550100874,perturb_nach,bert-base-multilingual-cased
210,0.847007,0.779094,0.7756097560975609,0.847679892400807,perturb_negative_concord,bert-base-multilingual-cased
211,0.847007,0.779094,0.7730360564361609,0.8470073974445191,perturb_possesive_genitive,bert-base-multilingual-cased
212,0.847007,0.779094,0.7759581881533101,0.8470073974445191,perturb_relative_pronoun,bert-base-multilingual-cased
213,0.847007,0.779094,0.7736079595042764,0.84364492266308,perturb_schwa_elision_in_verbs,bert-base-multilingual-cased
214,0.847007,0.779094,0.7136254390830098,0.800605245460659,perturb_swap_name,bert-base-multilingual-cased
215,0.847007,0.779094,0.6818815331010454,0.8372562205783457,perturb_tun_imperativ,bert-base-multilingual-cased
216,0.874916,0.787554,0.7828640525133874,0.875252185608608,perturb_2_verb_clusters,xlm-roberta-base
217,0.874916,0.787554,0.7840221338405672,0.8745796906523201,perturb_als_in_comparative_constructions,xlm-roberta-base
218,0.874916,0.787554,0.766597510373444,0.8698722259583053,perturb_am_infinitive,xlm-roberta-base
219,0.874916,0.787554,0.6899791231732777,0.8715534633490248,perturb_article_before_personal_name,xlm-roberta-base
220,0.874916,0.787554,0.7463667820069205,0.8739071956960323,perturb_contracted_verb_and_pronoun,xlm-roberta-base
221,0.874916,0.787554,0.7840968020743302,0.8745796906523201,perturb_da,xlm-roberta-base
222,0.874916,0.787554,0.6107081174438687,0.8745796906523201,perturb_denn_in_questions,xlm-roberta-base
223,0.874916,0.787554,0.7840968020743302,0.8745796906523201,perturb_double_article,xlm-roberta-base
224,0.874916,0.787554,0.7840968020743302,0.8745796906523201,perturb_existential_clause,xlm-roberta-base
225,0.874916,0.787554,0.769177608845888,0.8728984532616005,perturb_genitive_to_dativ,xlm-roberta-base
226,0.874916,0.787554,0.7836156239198063,0.8739071956960323,perturb_in,xlm-roberta-base
227,0.874916,0.787554,0.7835408022130014,0.8745796906523201,perturb_nach,xlm-roberta-base
228,0.874916,0.787554,0.783751080380294,0.874915938130464,perturb_negative_concord,xlm-roberta-base
229,0.874916,0.787554,0.7811959903214657,0.8745796906523201,perturb_possesive_genitive,xlm-roberta-base
230,0.874916,0.787554,0.7840968020743302,0.8745796906523201,perturb_relative_pronoun,xlm-roberta-base
231,0.874916,0.787554,0.7840968020743302,0.8728984532616005,perturb_schwa_elision_in_verbs,xlm-roberta-base
232,0.874916,0.787554,0.7187671986791414,0.8305312710154674,perturb_swap_name,xlm-roberta-base
233,0.874916,0.787554,0.6893690579083838,0.8661735036987223,perturb_tun_imperativ,xlm-roberta-base
234,0.829523,0.765163,0.7612791702679342,0.8288500336247479,perturb_2_verb_clusters,distilbert-base-multilingual-cased
235,0.829523,0.765163,0.7623163353500431,0.8288500336247479,perturb_als_in_comparative_constructions,distilbert-base-multilingual-cased
236,0.829523,0.765163,0.7458620689655173,0.8248150638870209,perturb_am_infinitive,distilbert-base-multilingual-cased
237,0.829523,0.765163,0.670940911453821,0.8271687962340283,perturb_article_before_personal_name,distilbert-base-multilingual-cased
238,0.829523,0.765163,0.724477457246502,0.8291862811028917,perturb_contracted_verb_and_pronoun,distilbert-base-multilingual-cased
239,0.829523,0.765163,0.7619212163096061,0.8295225285810356,perturb_da,distilbert-base-multilingual-cased
240,0.829523,0.765163,0.5925798101811908,0.8271687962340283,perturb_denn_in_questions,distilbert-base-multilingual-cased
241,0.829523,0.765163,0.7619212163096061,0.8295225285810356,perturb_double_article,distilbert-base-multilingual-cased
242,0.829523,0.765163,0.7619212163096061,0.8295225285810356,perturb_existential_clause,distilbert-base-multilingual-cased
243,0.829523,0.765163,0.7478890229191798,0.8285137861466039,perturb_genitive_to_dativ,distilbert-base-multilingual-cased
244,0.829523,0.765163,0.7607192254495158,0.8258238063214526,perturb_in,distilbert-base-multilingual-cased
245,0.829523,0.765163,0.7620528771384136,0.8291862811028917,perturb_nach,distilbert-base-multilingual-cased
246,0.829523,0.765163,0.7615756738078783,0.8298587760591796,perturb_negative_concord,distilbert-base-multilingual-cased
247,0.829523,0.765163,0.7592400690846287,0.8295225285810356,perturb_possesive_genitive,distilbert-base-multilingual-cased
248,0.829523,0.765163,0.7619212163096061,0.8295225285810356,perturb_relative_pronoun,distilbert-base-multilingual-cased
249,0.829523,0.765163,0.755056179775281,0.8275050437121722,perturb_schwa_elision_in_verbs,distilbert-base-multilingual-cased
250,0.829523,0.765163,0.6998171846435101,0.7885003362474782,perturb_swap_name,distilbert-base-multilingual-cased
251,0.829523,0.765163,0.6721254355400696,0.8227975790181573,perturb_tun_imperativ,distilbert-base-multilingual-cased
252,0.862475,0.790569,0.7855780897902582,0.8624747814391392,perturb_2_verb_clusters,xlm-roberta-base
253,0.862475,0.790569,0.7878577623590634,0.8624747814391392,perturb_als_in_comparative_constructions,xlm-roberta-base
254,0.862475,0.790569,0.7692307692307693,0.8597848016139878,perturb_am_infinitive,xlm-roberta-base
255,0.862475,0.790569,0.692468619246862,0.8591123066577001,perturb_article_before_personal_name,xlm-roberta-base
256,0.862475,0.790569,0.7508674531575296,0.8621385339609953,perturb_contracted_verb_and_pronoun,xlm-roberta-base
257,0.862475,0.790569,0.7876581729935864,0.8624747814391392,perturb_da,xlm-roberta-base
258,0.862475,0.790569,0.6155447605829285,0.8618022864828514,perturb_denn_in_questions,xlm-roberta-base
259,0.862475,0.790569,0.7874479889042995,0.8624747814391392,perturb_double_article,xlm-roberta-base
260,0.862475,0.790569,0.7874479889042995,0.8624747814391392,perturb_existential_clause,xlm-roberta-base
261,0.862475,0.790569,0.7722703639514732,0.8614660390047074,perturb_genitive_to_dativ,xlm-roberta-base
262,0.862475,0.790569,0.7873742629205689,0.8607935440484197,perturb_in,xlm-roberta-base
263,0.862475,0.790569,0.7874479889042995,0.8624747814391392,perturb_nach,xlm-roberta-base
264,0.862475,0.790569,0.7871012482662968,0.8628110289172831,perturb_negative_concord,xlm-roberta-base
265,0.862475,0.790569,0.7846740638002774,0.8624747814391392,perturb_possesive_genitive,xlm-roberta-base
266,0.862475,0.790569,0.7874479889042995,0.8624747814391392,perturb_relative_pronoun,xlm-roberta-base
267,0.862475,0.790569,0.7884148456468956,0.8604572965702757,perturb_schwa_elision_in_verbs,xlm-roberta-base
268,0.862475,0.790569,0.7224572374471215,0.8234700739744452,perturb_swap_name,xlm-roberta-base
269,0.862475,0.790569,0.6886040872878421,0.8584398117014123,perturb_tun_imperativ,xlm-roberta-base
270,0.850034,0.76883,0.7648794030886691,0.8500336247478144,perturb_2_verb_clusters,bert-base-multilingual-cased
271,0.850034,0.76883,0.7657876474670369,0.8500336247478144,perturb_als_in_comparative_constructions,bert-base-multilingual-cased
272,0.850034,0.76883,0.7523413111342351,0.84364492266308,perturb_am_infinitive,bert-base-multilingual-cased
273,0.850034,0.76883,0.6752433936022254,0.8453261600537996,perturb_article_before_personal_name,bert-base-multilingual-cased
274,0.850034,0.76883,0.7298282144716293,0.8496973772696704,perturb_contracted_verb_and_pronoun,bert-base-multilingual-cased
275,0.850034,0.76883,0.7657876474670369,0.8500336247478144,perturb_da,bert-base-multilingual-cased
276,0.850034,0.76883,0.5989583333333334,0.8470073974445191,perturb_denn_in_questions,bert-base-multilingual-cased
277,0.850034,0.76883,0.7657876474670369,0.8500336247478144,perturb_double_article,bert-base-multilingual-cased
278,0.850034,0.76883,0.7657876474670369,0.8500336247478144,perturb_existential_clause,bert-base-multilingual-cased
279,0.850034,0.76883,0.7513007284079084,0.8486886348352387,perturb_genitive_to_dativ,bert-base-multilingual-cased
280,0.850034,0.76883,0.7645015630427231,0.8496973772696704,perturb_in,bert-base-multilingual-cased
281,0.850034,0.76883,0.7657876474670369,0.8500336247478144,perturb_nach,bert-base-multilingual-cased
282,0.850034,0.76883,0.7654406662040251,0.8507061197041023,perturb_negative_concord,bert-base-multilingual-cased
283,0.850034,0.76883,0.7632263660017347,0.8500336247478144,perturb_possesive_genitive,bert-base-multilingual-cased
284,0.850034,0.76883,0.7657876474670369,0.8500336247478144,perturb_relative_pronoun,bert-base-multilingual-cased
285,0.850034,0.76883,0.7658315935977731,0.847679892400807,perturb_schwa_elision_in_verbs,bert-base-multilingual-cased
286,0.850034,0.76883,0.7033088235294117,0.8026227303295226,perturb_swap_name,bert-base-multilingual-cased
287,0.850034,0.76883,0.6736292428198434,0.84364492266308,perturb_tun_imperativ,bert-base-multilingual-cased
288,0.873571,0.800486,0.7959750173490631,0.8735709482178884,perturb_2_verb_clusters,google/rembert
289,0.873571,0.800486,0.7967395074575095,0.8735709482178884,perturb_als_in_comparative_constructions,google/rembert
290,0.873571,0.800486,0.7819287576020851,0.8691997310020175,perturb_am_infinitive,google/rembert
291,0.873571,0.800486,0.7009523809523809,0.8728984532616005,perturb_article_before_personal_name,google/rembert
292,0.873571,0.800486,0.7601040763226365,0.8722259583053127,perturb_contracted_verb_and_pronoun,google/rembert
293,0.873571,0.800486,0.7968777103209019,0.8735709482178884,perturb_da,google/rembert
294,0.873571,0.800486,0.6223146223146223,0.8732347007397444,perturb_denn_in_questions,google/rembert
295,0.873571,0.800486,0.7968777103209019,0.8735709482178884,perturb_double_article,google/rembert
296,0.873571,0.800486,0.7968777103209019,0.8735709482178884,perturb_existential_clause,google/rembert
297,0.873571,0.800486,0.780724562315826,0.8728984532616005,perturb_genitive_to_dativ,google/rembert
298,0.873571,0.800486,0.7954900260190807,0.8732347007397444,perturb_in,google/rembert
299,0.873571,0.800486,0.7970159611380986,0.8732347007397444,perturb_nach,google/rembert
300,0.873571,0.800486,0.7965307892454466,0.8735709482178884,perturb_negative_concord,google/rembert
301,0.873571,0.800486,0.7943114810960804,0.8735709482178884,perturb_possesive_genitive,google/rembert
302,0.873571,0.800486,0.7968777103209019,0.8735709482178884,perturb_relative_pronoun,google/rembert
303,0.873571,0.800486,0.7974991316429315,0.8718897108271688,perturb_schwa_elision_in_verbs,google/rembert
304,0.873571,0.800486,0.7306205118762659,0.827841291190316,perturb_swap_name,google/rembert
305,0.873571,0.800486,0.701091665222665,0.867518493611298,perturb_tun_imperativ,google/rembert
306,0.836584,0.766829,0.7620534165799514,0.8369199731002017,perturb_2_verb_clusters,distilbert-base-multilingual-cased
307,0.836584,0.766829,0.7637877211238293,0.8365837256220578,perturb_als_in_comparative_constructions,distilbert-base-multilingual-cased
308,0.836584,0.766829,0.7510416666666666,0.8338937457969066,perturb_am_infinitive,distilbert-base-multilingual-cased
309,0.836584,0.766829,0.6738600765750087,0.8338937457969066,perturb_article_before_personal_name,distilbert-base-multilingual-cased
310,0.836584,0.766829,0.7284400485858061,0.8365837256220578,perturb_contracted_verb_and_pronoun,distilbert-base-multilingual-cased
311,0.836584,0.766829,0.7637877211238293,0.8365837256220578,perturb_da,distilbert-base-multilingual-cased
312,0.836584,0.766829,0.5943510656731935,0.8372562205783457,perturb_denn_in_questions,distilbert-base-multilingual-cased
313,0.836584,0.766829,0.7637877211238293,0.8365837256220578,perturb_double_article,distilbert-base-multilingual-cased
314,0.836584,0.766829,0.7637877211238293,0.8365837256220578,perturb_existential_clause,distilbert-base-multilingual-cased
315,0.836584,0.766829,0.75021667533368,0.8352387357094821,perturb_genitive_to_dativ,distilbert-base-multilingual-cased
316,0.836584,0.766829,0.762797154259934,0.8338937457969066,perturb_in,distilbert-base-multilingual-cased
317,0.836584,0.766829,0.7631761442441055,0.8372562205783457,perturb_nach,distilbert-base-multilingual-cased
318,0.836584,0.766829,0.7634408602150538,0.8365837256220578,perturb_negative_concord,distilbert-base-multilingual-cased
319,0.836584,0.766829,0.761574475463846,0.8365837256220578,perturb_possesive_genitive,distilbert-base-multilingual-cased
320,0.836584,0.766829,0.7637877211238293,0.8365837256220578,perturb_relative_pronoun,distilbert-base-multilingual-cased
321,0.836584,0.766829,0.7627826086956522,0.8332212508406187,perturb_schwa_elision_in_verbs,distilbert-base-multilingual-cased
322,0.836584,0.766829,0.7011937557392103,0.7958977807666443,perturb_swap_name,distilbert-base-multilingual-cased
323,0.836584,0.766829,0.6717770034843206,0.8288500336247479,perturb_tun_imperativ,distilbert-base-multilingual-cased
324,0.849361,0.776814,0.7726483859770913,0.8500336247478144,perturb_2_verb_clusters,bert-base-multilingual-cased
325,0.849361,0.776814,0.7740367927802847,0.8493611297915266,perturb_als_in_comparative_constructions,bert-base-multilingual-cased
326,0.849361,0.776814,0.7608959888869595,0.8449899125756557,perturb_am_infinitive,bert-base-multilingual-cased
327,0.849361,0.776814,0.6844490934449095,0.8480161398789509,perturb_article_before_personal_name,bert-base-multilingual-cased
328,0.849361,0.776814,0.7375369115858954,0.8480161398789509,perturb_contracted_verb_and_pronoun,bert-base-multilingual-cased
329,0.849361,0.776814,0.773902481346521,0.8493611297915266,perturb_da,bert-base-multilingual-cased
330,0.849361,0.776814,0.608,0.8470073974445191,perturb_denn_in_questions,bert-base-multilingual-cased
331,0.849361,0.776814,0.773902481346521,0.8493611297915266,perturb_double_article,bert-base-multilingual-cased
332,0.849361,0.776814,0.773902481346521,0.8493611297915266,perturb_existential_clause,bert-base-multilingual-cased
333,0.849361,0.776814,0.7571873917561482,0.8493611297915266,perturb_genitive_to_dativ,bert-base-multilingual-cased
334,0.849361,0.776814,0.7728377908996179,0.8483523873570948,perturb_in,bert-base-multilingual-cased
335,0.849361,0.776814,0.7740367927802847,0.8490248823133827,perturb_nach,bert-base-multilingual-cased
336,0.849361,0.776814,0.7735554398750651,0.8496973772696704,perturb_negative_concord,bert-base-multilingual-cased
337,0.849361,0.776814,0.7709923664122137,0.8493611297915266,perturb_possesive_genitive,bert-base-multilingual-cased
338,0.849361,0.776814,0.773902481346521,0.8493611297915266,perturb_relative_pronoun,bert-base-multilingual-cased
339,0.849361,0.776814,0.7701129452649869,0.8463349024882313,perturb_schwa_elision_in_verbs,bert-base-multilingual-cased
340,0.849361,0.776814,0.7102941176470589,0.8066577000672495,perturb_swap_name,bert-base-multilingual-cased
341,0.849361,0.776814,0.6791070805720265,0.8429724277067921,perturb_tun_imperativ,bert-base-multilingual-cased
342,0.83154,0.762998,0.7594364237258654,0.8315400134498991,perturb_2_verb_clusters,distilbert-base-multilingual-cased
343,0.83154,0.762998,0.7602156146757086,0.8312037659717552,perturb_als_in_comparative_constructions,distilbert-base-multilingual-cased
344,0.83154,0.762998,0.7455271842973771,0.8291862811028917,perturb_am_infinitive,distilbert-base-multilingual-cased
345,0.83154,0.762998,0.6712137110877929,0.8305312710154674,perturb_article_before_personal_name,distilbert-base-multilingual-cased
346,0.83154,0.762998,0.7240779401530967,0.8305312710154674,perturb_contracted_verb_and_pronoun,distilbert-base-multilingual-cased
347,0.83154,0.762998,0.7602156146757086,0.8312037659717552,perturb_da,distilbert-base-multilingual-cased
348,0.83154,0.762998,0.5976012515209457,0.82817753866846,perturb_denn_in_questions,distilbert-base-multilingual-cased
349,0.83154,0.762998,0.7602156146757086,0.8315400134498991,perturb_double_article,distilbert-base-multilingual-cased
350,0.83154,0.762998,0.7602156146757086,0.8315400134498991,perturb_existential_clause,distilbert-base-multilingual-cased
351,0.83154,0.762998,0.7452273516140229,0.8305312710154674,perturb_genitive_to_dativ,distilbert-base-multilingual-cased
352,0.83154,0.762998,0.7605290636964845,0.8291862811028917,perturb_in,distilbert-base-multilingual-cased
353,0.83154,0.762998,0.7599164926931106,0.831876260928043,perturb_nach,distilbert-base-multilingual-cased
354,0.83154,0.762998,0.759867849069727,0.831876260928043,perturb_negative_concord,distilbert-base-multilingual-cased
355,0.83154,0.762998,0.7579972183588317,0.8315400134498991,perturb_possesive_genitive,distilbert-base-multilingual-cased
356,0.83154,0.762998,0.7602156146757086,0.8315400134498991,perturb_relative_pronoun,distilbert-base-multilingual-cased
357,0.83154,0.762998,0.7578764142732811,0.8288500336247479,perturb_schwa_elision_in_verbs,distilbert-base-multilingual-cased
358,0.83154,0.762998,0.6985998526160648,0.7905178211163416,perturb_swap_name,distilbert-base-multilingual-cased
359,0.83154,0.762998,0.6711079943899019,0.8268325487558843,perturb_tun_imperativ,distilbert-base-multilingual-cased
360,0.864829,0.791053,0.7872377319230102,0.8655010087424344,perturb_2_verb_clusters,xlm-roberta-base
361,0.864829,0.791053,0.7888349514563108,0.8641560188298588,perturb_als_in_comparative_constructions,xlm-roberta-base
362,0.864829,0.791053,0.7723252991156582,0.8621385339609953,perturb_am_infinitive,xlm-roberta-base
363,0.864829,0.791053,0.6931106471816284,0.8621385339609953,perturb_article_before_personal_name,xlm-roberta-base
364,0.864829,0.791053,0.7518197573656846,0.8641560188298588,perturb_contracted_verb_and_pronoun,xlm-roberta-base
365,0.864829,0.791053,0.7886982145952506,0.8648285137861466,perturb_da,xlm-roberta-base
366,0.864829,0.791053,0.6180808606628492,0.8668459986550101,perturb_denn_in_questions,xlm-roberta-base
367,0.864829,0.791053,0.7886982145952506,0.8648285137861466,perturb_double_article,xlm-roberta-base
368,0.864829,0.791053,0.7886982145952506,0.8648285137861466,perturb_existential_clause,xlm-roberta-base
369,0.864829,0.791053,0.7728531855955678,0.8641560188298588,perturb_genitive_to_dativ,xlm-roberta-base
370,0.864829,0.791053,0.7875845326859718,0.8614660390047074,perturb_in,xlm-roberta-base
371,0.864829,0.791053,0.7889717357378188,0.8651647612642905,perturb_nach,xlm-roberta-base
372,0.864829,0.791053,0.7883515340613624,0.8648285137861466,perturb_negative_concord,xlm-roberta-base
373,0.864829,0.791053,0.78578856152513,0.8648285137861466,perturb_possesive_genitive,xlm-roberta-base
374,0.864829,0.791053,0.7886982145952506,0.8648285137861466,perturb_relative_pronoun,xlm-roberta-base
375,0.864829,0.791053,0.7882046834345185,0.863147276395427,perturb_schwa_elision_in_verbs,xlm-roberta-base
376,0.864829,0.791053,0.7227941176470588,0.8211163416274377,perturb_swap_name,xlm-roberta-base
377,0.864829,0.791053,0.6912298910223145,0.8574310692669805,perturb_tun_imperativ,xlm-roberta-base
378,0.870545,0.79056,0.785912560721721,0.8702084734364492,perturb_2_verb_clusters,microsoft/mdeberta-v3-base
379,0.870545,0.79056,0.787363304981774,0.8698722259583053,perturb_als_in_comparative_constructions,microsoft/mdeberta-v3-base
380,0.870545,0.79056,0.7712848968267729,0.8661735036987223,perturb_am_infinitive,microsoft/mdeberta-v3-base
381,0.870545,0.79056,0.6915466064919285,0.8691997310020175,perturb_article_before_personal_name,microsoft/mdeberta-v3-base
382,0.870545,0.79056,0.7500867754251996,0.8695359784801614,perturb_contracted_verb_and_pronoun,microsoft/mdeberta-v3-base
383,0.870545,0.79056,0.7872266574106214,0.8705447209145931,perturb_da,microsoft/mdeberta-v3-base
384,0.870545,0.79056,0.6180048661800487,0.8715534633490248,perturb_denn_in_questions,microsoft/mdeberta-v3-base
385,0.870545,0.79056,0.7872266574106214,0.8705447209145931,perturb_double_article,microsoft/mdeberta-v3-base
386,0.870545,0.79056,0.7872266574106214,0.8705447209145931,perturb_existential_clause,microsoft/mdeberta-v3-base
387,0.870545,0.79056,0.7712055507372073,0.8688634835238735,perturb_genitive_to_dativ,microsoft/mdeberta-v3-base
388,0.870545,0.79056,0.7881311816762103,0.8702084734364492,perturb_in,microsoft/mdeberta-v3-base
389,0.870545,0.79056,0.7881311816762103,0.8705447209145931,perturb_nach,microsoft/mdeberta-v3-base
390,0.870545,0.79056,0.7868795557098229,0.8705447209145931,perturb_negative_concord,microsoft/mdeberta-v3-base
391,0.870545,0.79056,0.784177654406662,0.8705447209145931,perturb_possesive_genitive,microsoft/mdeberta-v3-base
392,0.870545,0.79056,0.7872266574106214,0.8705447209145931,perturb_relative_pronoun,microsoft/mdeberta-v3-base
393,0.870545,0.79056,0.7892999826298419,0.867182246133154,perturb_schwa_elision_in_verbs,microsoft/mdeberta-v3-base
394,0.870545,0.79056,0.7224572374471215,0.8291862811028917,perturb_swap_name,microsoft/mdeberta-v3-base
395,0.870545,0.79056,0.6914691123031667,0.8560860793544048,perturb_tun_imperativ,microsoft/mdeberta-v3-base
396,0.872898,0.79674,0.7918183394002426,0.8728984532616005,perturb_2_verb_clusters,microsoft/mdeberta-v3-base
397,0.872898,0.79674,0.7933425797503466,0.8725622057834567,perturb_als_in_comparative_constructions,microsoft/mdeberta-v3-base
398,0.872898,0.79674,0.7785095320623917,0.8678547410894418,perturb_am_infinitive,microsoft/mdeberta-v3-base
399,0.872898,0.79674,0.6959236773633998,0.8718897108271688,perturb_article_before_personal_name,microsoft/mdeberta-v3-base
400,0.872898,0.79674,0.7571973638570934,0.8725622057834567,perturb_contracted_verb_and_pronoun,microsoft/mdeberta-v3-base
401,0.872898,0.79674,0.7932050615357947,0.8728984532616005,perturb_da,microsoft/mdeberta-v3-base
402,0.872898,0.79674,0.6195426195426196,0.8735709482178884,perturb_denn_in_questions,microsoft/mdeberta-v3-base
403,0.872898,0.79674,0.7932050615357947,0.8728984532616005,perturb_double_article,microsoft/mdeberta-v3-base
404,0.872898,0.79674,0.7932050615357947,0.8728984532616005,perturb_existential_clause,microsoft/mdeberta-v3-base
405,0.872898,0.79674,0.7767965367965367,0.8725622057834567,perturb_genitive_to_dativ,microsoft/mdeberta-v3-base
406,0.872898,0.79674,0.7919556171983356,0.8725622057834567,perturb_in,microsoft/mdeberta-v3-base
407,0.872898,0.79674,0.7947295423023578,0.8728984532616005,perturb_nach,microsoft/mdeberta-v3-base
408,0.872898,0.79674,0.7928583810019068,0.8728984532616005,perturb_negative_concord,microsoft/mdeberta-v3-base
409,0.872898,0.79674,0.7901576849766072,0.8728984532616005,perturb_possesive_genitive,microsoft/mdeberta-v3-base
410,0.872898,0.79674,0.7932050615357947,0.8728984532616005,perturb_relative_pronoun,microsoft/mdeberta-v3-base
411,0.872898,0.79674,0.794168691426588,0.8695359784801614,perturb_schwa_elision_in_verbs,microsoft/mdeberta-v3-base
412,0.872898,0.79674,0.7282089003310039,0.8264963012777404,perturb_swap_name,microsoft/mdeberta-v3-base
413,0.872898,0.79674,0.6989415235120597,0.8624747814391392,perturb_tun_imperativ,microsoft/mdeberta-v3-base
414,0.873571,0.79779,0.7925375712558301,0.8739071956960323,perturb_2_verb_clusters,microsoft/mdeberta-v3-base
415,0.873571,0.79779,0.7944732297063902,0.8732347007397444,perturb_als_in_comparative_constructions,microsoft/mdeberta-v3-base
416,0.873571,0.79779,0.7788345149576344,0.8688634835238735,perturb_am_infinitive,microsoft/mdeberta-v3-base
417,0.873571,0.79779,0.6996539792387544,0.871217215870881,perturb_article_before_personal_name,microsoft/mdeberta-v3-base
418,0.873571,0.79779,0.7588468841705507,0.8735709482178884,perturb_contracted_verb_and_pronoun,microsoft/mdeberta-v3-base
419,0.873571,0.79779,0.7943360386807115,0.8735709482178884,perturb_da,microsoft/mdeberta-v3-base
420,0.873571,0.79779,0.6210471747019181,0.8728984532616005,perturb_denn_in_questions,microsoft/mdeberta-v3-base
421,0.873571,0.79779,0.7943360386807115,0.8735709482178884,perturb_double_article,microsoft/mdeberta-v3-base
422,0.873571,0.79779,0.7943360386807115,0.8735709482178884,perturb_existential_clause,microsoft/mdeberta-v3-base
423,0.873571,0.79779,0.7784679089026916,0.8722259583053127,perturb_genitive_to_dativ,microsoft/mdeberta-v3-base
424,0.873571,0.79779,0.7941328731665229,0.8732347007397444,perturb_in,microsoft/mdeberta-v3-base
425,0.873571,0.79779,0.7957174926610258,0.8735709482178884,perturb_nach,microsoft/mdeberta-v3-base
426,0.873571,0.79779,0.7939906751856328,0.8735709482178884,perturb_negative_concord,microsoft/mdeberta-v3-base
427,0.873571,0.79779,0.7910911602209943,0.8735709482178884,perturb_possesive_genitive,microsoft/mdeberta-v3-base
428,0.873571,0.79779,0.7943360386807115,0.8735709482178884,perturb_relative_pronoun,microsoft/mdeberta-v3-base
429,0.873571,0.79779,0.797645836939588,0.8708809683927371,perturb_schwa_elision_in_verbs,microsoft/mdeberta-v3-base
430,0.873571,0.79779,0.7287390029325513,0.8291862811028917,perturb_swap_name,microsoft/mdeberta-v3-base
431,0.873571,0.79779,0.6980513881703743,0.8641560188298588,perturb_tun_imperativ,microsoft/mdeberta-v3-base
432,0.843981,0.76915,0.7649721448467967,0.84364492266308,perturb_2_verb_clusters,bert-base-multilingual-cased
433,0.843981,0.76915,0.7658018457252307,0.843981170141224,perturb_als_in_comparative_constructions,bert-base-multilingual-cased
434,0.843981,0.76915,0.7508698677800975,0.839609952925353,perturb_am_infinitive,bert-base-multilingual-cased
435,0.843981,0.76915,0.6774982529699511,0.8416274377942166,perturb_article_before_personal_name,bert-base-multilingual-cased
436,0.843981,0.76915,0.7301255230125523,0.8446536650975117,perturb_contracted_verb_and_pronoun,bert-base-multilingual-cased
437,0.843981,0.76915,0.7656685236768803,0.843981170141224,perturb_da,bert-base-multilingual-cased
438,0.843981,0.76915,0.5992339832869081,0.839946200403497,perturb_denn_in_questions,bert-base-multilingual-cased
439,0.843981,0.76915,0.7656685236768803,0.843981170141224,perturb_double_article,bert-base-multilingual-cased
440,0.843981,0.76915,0.7656685236768803,0.843981170141224,perturb_existential_clause,bert-base-multilingual-cased
441,0.843981,0.76915,0.7512602120632713,0.8422999327505044,perturb_genitive_to_dativ,bert-base-multilingual-cased
442,0.843981,0.76915,0.7644599303135889,0.8433086751849361,perturb_in,bert-base-multilingual-cased
443,0.843981,0.76915,0.7662835249042144,0.84364492266308,perturb_nach,bert-base-multilingual-cased
444,0.843981,0.76915,0.7653203342618384,0.8446536650975117,perturb_negative_concord,bert-base-multilingual-cased
445,0.843981,0.76915,0.7632311977715879,0.843981170141224,perturb_possesive_genitive,bert-base-multilingual-cased
446,0.843981,0.76915,0.7656685236768803,0.843981170141224,perturb_relative_pronoun,bert-base-multilingual-cased
447,0.843981,0.76915,0.7656086501569584,0.8389374579690653,perturb_schwa_elision_in_verbs,bert-base-multilingual-cased
448,0.843981,0.76915,0.7026927333087423,0.7989240080699395,perturb_swap_name,bert-base-multilingual-cased
449,0.843981,0.76915,0.6720420683610867,0.8369199731002017,perturb_tun_imperativ,bert-base-multilingual-cased
450,0.830868,0.767348,0.7627711686494053,0.8312037659717552,perturb_2_verb_clusters,distilbert-base-multilingual-cased
451,0.830868,0.767348,0.7634521313766598,0.8308675184936113,perturb_als_in_comparative_constructions,distilbert-base-multilingual-cased
452,0.830868,0.767348,0.7506993006993008,0.8275050437121722,perturb_am_infinitive,distilbert-base-multilingual-cased
453,0.830868,0.767348,0.6721889319703913,0.8305312710154674,perturb_article_before_personal_name,distilbert-base-multilingual-cased
454,0.830868,0.767348,0.7268591426071741,0.8301950235373234,perturb_contracted_verb_and_pronoun,distilbert-base-multilingual-cased
455,0.830868,0.767348,0.7637189793778398,0.8305312710154674,perturb_da,distilbert-base-multilingual-cased
456,0.830868,0.767348,0.5953797689884495,0.8305312710154674,perturb_denn_in_questions,distilbert-base-multilingual-cased
457,0.830868,0.767348,0.7637189793778398,0.8308675184936113,perturb_double_article,distilbert-base-multilingual-cased
458,0.830868,0.767348,0.7637189793778398,0.8308675184936113,perturb_existential_clause,distilbert-base-multilingual-cased
459,0.830868,0.767348,0.7491277041172366,0.8291862811028917,perturb_genitive_to_dativ,distilbert-base-multilingual-cased
460,0.830868,0.767348,0.7614550542147605,0.8291862811028917,perturb_in,distilbert-base-multilingual-cased
461,0.830868,0.767348,0.762803705645866,0.8308675184936113,perturb_nach,distilbert-base-multilingual-cased
462,0.830868,0.767348,0.7633694512408249,0.8312037659717552,perturb_negative_concord,distilbert-base-multilingual-cased
463,0.830868,0.767348,0.7613556953179595,0.8308675184936113,perturb_possesive_genitive,distilbert-base-multilingual-cased
464,0.830868,0.767348,0.7637189793778398,0.8308675184936113,perturb_relative_pronoun,distilbert-base-multilingual-cased
465,0.830868,0.767348,0.7600210047260634,0.8285137861466039,perturb_schwa_elision_in_verbs,distilbert-base-multilingual-cased
466,0.830868,0.767348,0.7002406961673764,0.7911903160726295,perturb_swap_name,distilbert-base-multilingual-cased
467,0.830868,0.767348,0.6724168280232353,0.8167451244115669,perturb_tun_imperativ,distilbert-base-multilingual-cased
468,0.864492,0.801261,0.7969187675070027,0.8641560188298588,perturb_2_verb_clusters,google/rembert
469,0.864492,0.801261,0.7976898844942247,0.8644922663080027,perturb_als_in_comparative_constructions,google/rembert
470,0.864492,0.801261,0.7824106517168886,0.8614660390047074,perturb_am_infinitive,google/rembert
471,0.864492,0.801261,0.7011574886004912,0.8628110289172831,perturb_article_before_personal_name,google/rembert
472,0.864492,0.801261,0.7614213197969543,0.8641560188298588,perturb_contracted_verb_and_pronoun,google/rembert
473,0.864492,0.801261,0.7976898844942247,0.8644922663080027,perturb_da,google/rembert
474,0.864492,0.801261,0.6223311165558277,0.8607935440484197,perturb_denn_in_questions,google/rembert
475,0.864492,0.801261,0.7976898844942247,0.8644922663080027,perturb_double_article,google/rembert
476,0.864492,0.801261,0.7976898844942247,0.8644922663080027,perturb_existential_clause,google/rembert
477,0.864492,0.801261,0.7831873905429071,0.863483523873571,perturb_genitive_to_dativ,google/rembert
478,0.864492,0.801261,0.7980399019950998,0.8638197713517148,perturb_in,google/rembert
479,0.864492,0.801261,0.7976898844942247,0.8644922663080027,perturb_nach,google/rembert
480,0.864492,0.801261,0.7974794328723963,0.8644922663080027,perturb_negative_concord,google/rembert
481,0.864492,0.801261,0.7947506561679789,0.8644922663080027,perturb_possesive_genitive,google/rembert
482,0.864492,0.801261,0.7976898844942247,0.8644922663080027,perturb_relative_pronoun,google/rembert
483,0.864492,0.801261,0.7936285664274462,0.8624747814391392,perturb_schwa_elision_in_verbs,google/rembert
484,0.864492,0.801261,0.7322688451541033,0.8177538668459986,perturb_swap_name,google/rembert
485,0.864492,0.801261,0.6969007179128,0.8570948217888366,perturb_tun_imperativ,google/rembert
486,0.868863,0.785368,0.7805300536982505,0.8688634835238735,perturb_2_verb_clusters,xlm-roberta-base
487,0.868863,0.785368,0.7820357204785852,0.8685272360457297,perturb_als_in_comparative_constructions,xlm-roberta-base
488,0.868863,0.785368,0.7674418604651163,0.8665097511768661,perturb_am_infinitive,xlm-roberta-base
489,0.868863,0.785368,0.6878048780487804,0.8665097511768661,perturb_article_before_personal_name,xlm-roberta-base
490,0.868863,0.785368,0.7461858529819695,0.8678547410894418,perturb_contracted_verb_and_pronoun,xlm-roberta-base
491,0.868863,0.785368,0.7819001386962551,0.8688634835238735,perturb_da,xlm-roberta-base
492,0.868863,0.785368,0.6100225420495925,0.8685272360457297,perturb_denn_in_questions,xlm-roberta-base
493,0.868863,0.785368,0.7819001386962551,0.8688634835238735,perturb_double_article,xlm-roberta-base
494,0.868863,0.785368,0.7819001386962551,0.8688634835238735,perturb_existential_clause,xlm-roberta-base
495,0.868863,0.785368,0.7670188809977482,0.8665097511768661,perturb_genitive_to_dativ,xlm-roberta-base
496,0.868863,0.785368,0.7818244883801594,0.867518493611298,perturb_in,xlm-roberta-base
497,0.868863,0.785368,0.781477627471384,0.8691997310020175,perturb_nach,xlm-roberta-base
498,0.868863,0.785368,0.7815533980582524,0.8691997310020175,perturb_negative_concord,xlm-roberta-base
499,0.868863,0.785368,0.7793378401802739,0.8688634835238735,perturb_possesive_genitive,xlm-roberta-base
500,0.868863,0.785368,0.7819001386962551,0.8688634835238735,perturb_relative_pronoun,xlm-roberta-base
501,0.868863,0.785368,0.7824731555247662,0.8668459986550101,perturb_schwa_elision_in_verbs,xlm-roberta-base
502,0.868863,0.785368,0.717543214417065,0.8227975790181573,perturb_swap_name,xlm-roberta-base
503,0.868863,0.785368,0.6907198612315698,0.8628110289172831,perturb_tun_imperativ,xlm-roberta-base
504,0.865501,0.786771,0.7836379460400348,0.8651647612642905,perturb_2_verb_clusters,xlm-roberta-base
505,0.865501,0.786771,0.7846073480759185,0.8648285137861466,perturb_als_in_comparative_constructions,xlm-roberta-base
506,0.865501,0.786771,0.7708913649025069,0.8628110289172831,perturb_am_infinitive,xlm-roberta-base
507,0.865501,0.786771,0.689401888772298,0.8644922663080027,perturb_article_before_personal_name,xlm-roberta-base
508,0.865501,0.786771,0.7473024712843717,0.8661735036987223,perturb_contracted_verb_and_pronoun,xlm-roberta-base
509,0.865501,0.786771,0.7846823324630112,0.8655010087424344,perturb_da,xlm-roberta-base
510,0.865501,0.786771,0.6130548302872062,0.8651647612642905,perturb_denn_in_questions,xlm-roberta-base
511,0.865501,0.786771,0.7846823324630112,0.8655010087424344,perturb_double_article,xlm-roberta-base
512,0.865501,0.786771,0.7846823324630112,0.8655010087424344,perturb_existential_clause,xlm-roberta-base
513,0.865501,0.786771,0.7706230421162549,0.8648285137861466,perturb_genitive_to_dativ,xlm-roberta-base
514,0.865501,0.786771,0.7834871973523777,0.863147276395427,perturb_in,xlm-roberta-base
515,0.865501,0.786771,0.7857267188859879,0.8651647612642905,perturb_nach,xlm-roberta-base
516,0.865501,0.786771,0.7843342036553526,0.8655010087424344,perturb_negative_concord,xlm-roberta-base
517,0.865501,0.786771,0.7817612252001392,0.8655010087424344,perturb_possesive_genitive,xlm-roberta-base
518,0.865501,0.786771,0.7846823324630112,0.8655010087424344,perturb_relative_pronoun,xlm-roberta-base
519,0.865501,0.786771,0.784805715281408,0.8651647612642905,perturb_schwa_elision_in_verbs,xlm-roberta-base
520,0.865501,0.786771,0.7188769855929072,0.8207800941492939,perturb_swap_name,xlm-roberta-base
521,0.865501,0.786771,0.6920668058455115,0.8628110289172831,perturb_tun_imperativ,xlm-roberta-base
522,0.798924,0.76105,0.7578111513896082,0.7995965030262273,perturb_2_verb_clusters,microsoft/Multilingual-MiniLM-L12-H384
523,0.798924,0.76105,0.7581563956499224,0.7985877605917956,perturb_als_in_comparative_constructions,microsoft/Multilingual-MiniLM-L12-H384
524,0.798924,0.76105,0.7423249396343566,0.7958977807666443,perturb_am_infinitive,microsoft/Multilingual-MiniLM-L12-H384
525,0.798924,0.76105,0.6636678200692041,0.7958977807666443,perturb_article_before_personal_name,microsoft/Multilingual-MiniLM-L12-H384
526,0.798924,0.76105,0.7217811529168103,0.7989240080699395,perturb_contracted_verb_and_pronoun,microsoft/Multilingual-MiniLM-L12-H384
527,0.798924,0.76105,0.7581563956499224,0.7989240080699395,perturb_da,microsoft/Multilingual-MiniLM-L12-H384
528,0.798924,0.76105,0.5910973084886129,0.7992602555480834,perturb_denn_in_questions,microsoft/Multilingual-MiniLM-L12-H384
529,0.798924,0.76105,0.7581563956499224,0.7989240080699395,perturb_double_article,microsoft/Multilingual-MiniLM-L12-H384
530,0.798924,0.76105,0.7581563956499224,0.7989240080699395,perturb_existential_clause,microsoft/Multilingual-MiniLM-L12-H384
531,0.798924,0.76105,0.7421969305052595,0.796570275722932,perturb_genitive_to_dativ,microsoft/Multilingual-MiniLM-L12-H384
532,0.798924,0.76105,0.7586445366528354,0.7989240080699395,perturb_in,microsoft/Multilingual-MiniLM-L12-H384
533,0.798924,0.76105,0.7582872928176795,0.7985877605917956,perturb_nach,microsoft/Multilingual-MiniLM-L12-H384
534,0.798924,0.76105,0.7578111513896082,0.7989240080699395,perturb_negative_concord,microsoft/Multilingual-MiniLM-L12-H384
535,0.798924,0.76105,0.7554788610871442,0.7989240080699395,perturb_possesive_genitive,microsoft/Multilingual-MiniLM-L12-H384
536,0.798924,0.76105,0.7581563956499224,0.7989240080699395,perturb_relative_pronoun,microsoft/Multilingual-MiniLM-L12-H384
537,0.798924,0.76105,0.7572983244083608,0.7975790181573639,perturb_schwa_elision_in_verbs,microsoft/Multilingual-MiniLM-L12-H384
538,0.798924,0.76105,0.6958112310224986,0.7535305985205111,perturb_swap_name,microsoft/Multilingual-MiniLM-L12-H384
539,0.798924,0.76105,0.6692107545533391,0.788836583725622,perturb_tun_imperativ,microsoft/Multilingual-MiniLM-L12-H384
